1847,alivetorrents.com,242,241,243,#f2f3f1
82750,hnedu.cn,210,220,217,#d2d9dc
80357,speedway.com,185,166,173,#b9ada6
78335,30se.info,255,255,255,#ffffff
6925,cad-comic.com,206,198,202,#cecac6
90468,demystifyingdigital.com,218,219,223,#dadfdb
41319,prohosting.com,136,148,141,#888d94
85451,sportyone.com,180,158,165,#b4a59e
99187,668003.com,217,218,218,#d9dada
17572,sustainabletrafficworkshop.com,197,182,187,#c5bbb6
36130,topsexywomen.com,184,174,177,#b8b1ae
80552,americas-fr.com,223,218,220,#dfdcda
64345,mediafire-files.com,102,104,104,#666868
88156,bestbuy.com.mx,201,197,203,#c9cbc5
41401,releaseurls.com,231,211,229,#e7e5d3
