7727,karmaloop.com,76,72,72,#4c4848
528048,download-moviez.de,222,218,220,#dedcda
156738,sifycorp.com,216,174,216,#d8d8ae
30958,lionporn.com,178,116,156,#b29c74
953471,in-palm-mar.com,254,254,254,#fefefe
298722,teakinvestment.de,222,209,223,#dedfd1
661197,freelancesupermarket.com,199,204,200,#c7c8cc
347890,akatsukinishisu.net,249,250,249,#f9f9fa
948015,huntsoffice.co.uk,234,232,232,#eae8e8
549492,3cx.de,255,255,255,#ffffff
944953,canadadrugstop.com,205,206,214,#cdd6ce
362574,shambook.blogspot.com,226,222,221,#e2ddde
445954,bestsoftdaming.net,255,255,255,#ffffff
903804,absolut-group.ru,197,195,195,#c5c3c3
742591,jailbreak-guide.blogspot.com,222,221,220,#dedcdd
504777,wlzc99.cn,252,252,252,#fcfcfc
889885,mcreaaffiliates.com,232,231,231,#e8e7e7
107704,unfollower.name,245,245,245,#f5f5f5
26339,mylovedtube.com,189,158,170,#bdaa9e
594379,tcu.go.tz,211,222,226,#d3e2de
59573,unt.se,215,213,213,#d7d5d5
267959,battlefront.com,42,34,40,#2a2822
637979,immunologia.ru,223,230,229,#dfe5e6
771799,moratmarit.com,221,229,222,#dddee5
693872,brandadvance.net,243,222,240,#f3f0de
632286,celebrityzilla.com,77,66,78,#4d4e42
531032,domenique.ch,32,24,24,#201818
462954,softcab.com,236,236,235,#ecebec
474702,rietta.com,238,241,238,#eeeef1
585514,learn-2-earn-online.com,197,210,207,#c5cfd2
597657,fn.se,194,204,201,#c2c9cc
875098,everyonelovesmilfs.com,254,254,254,#fefefe
951605,tocall.cn,255,255,255,#ffffff
664107,mwcj.cn,237,241,241,#edf1f1
656127,rgnutri.com.br,237,221,227,#ede3dd
520954,hagipageshop.com,54,52,53,#363534
133917,mimoza.jp,255,255,255,#ffffff
877335,webdejuanfrancisco.com,253,254,253,#fdfdfe
274511,empaction.com,223,226,225,#dfe1e2
62850,hailiat.com,194,172,157,#c29dac
795837,total160sms.com,225,239,231,#e1e7ef
191700,drupal.org/user/reset,195,232,219,#c3dbe8
402028,thayri.com,178,117,148,#b29475
512596,fund-money.com,213,202,213,#d5d5ca
509274,adamast.ru,220,223,221,#dcdddf
997961,hypnotherapyweightloss.org,182,215,202,#b6cad7
234680,earthmamaangelbaby.com,229,203,217,#e5d9cb
822476,caritas.org,172,222,182,#acb6de
424807,bmf.com.br,255,255,255,#ffffff
223552,zzym.co.cc,255,255,255,#ffffff
663381,bossdonkey.com,213,225,224,#d5e0e1
997897,manithana.blogspot.com,40,22,25,#281916
302474,nyxberry.net,255,255,255,#ffffff
428629,italianlanguageguide.com,220,212,215,#dcd7d4
313054,onlinestylesource.com,175,164,165,#afa5a4
688407,xiuma.cn,255,255,255,#ffffff
75896,ixbtlabs.com,228,231,226,#e4e2e7
689475,insanelist.com,179,239,231,#b3e7ef
589319,tryprograde.com,234,222,223,#eadfde
450991,qingtongqi.org,234,227,229,#eae5e3
836346,civ5.jp,2,1,1,#020101
944985,dietsreporter.com,231,225,232,#e7e8e1
98534,latestprice.in,224,226,226,#e0e2e2
515871,gaynichetube.com,102,114,111,#666f72
685664,phoenixnap.com,156,172,162,#9ca2ac
903813,jasu.wordpress.com,239,228,238,#efeee4
919934,luxuryrentalsmiamibeach.com,27,17,22,#1b1611
211000,kusms.com,225,243,233,#e1e9f3
964387,ratgeberbox.de,203,207,198,#cbc6cf
154841,rugby.com.au,181,184,183,#b5b7b8
763512,194.28.113.219,255,255,255,#ffffff
992042,hicksgames.com,228,234,229,#e4e5ea
720129,shoptronics.com,222,228,220,#dedce4
2208,duckload.com,240,242,241,#f0f1f2
415996,emu.ee,255,255,255,#ffffff
963413,artdecorbanyo.com,87,84,86,#575654
683546,transformertoys.co.uk,211,215,209,#d3d1d7
952065,loading101.com,254,254,254,#fefefe
639659,internetmarketing-it.com,217,209,215,#d9d7d1
281165,civilized.de,171,123,160,#aba07b
861914,zonadepruebas.com,201,160,221,#c9dda0
679532,sweetdealsbyjillee.com,255,255,255,#ffffff
484037,sportsfile.com,199,205,205,#c7cdcd
286211,oragoo.net,223,218,221,#dfddda
254526,iblups.tv,49,47,48,#31302f
820110,digitalphotoprintingcritic.com,229,226,227,#e5e3e2
754935,awesl.com,212,219,214,#d4d6db
768280,tangerinehotels.com,134,134,123,#867b86
868081,bruno.jp,217,216,212,#d9d4d8
882542,barcelonabusturistic.cat,165,160,166,#a5a6a0
37132,iprimus.com.au,169,179,175,#a9afb3
308909,web-designers.cn,241,238,242,#f1f2ee
616659,gexaenergy.com,143,149,162,#8fa295
637900,goldrealty.ru,219,223,222,#dbdedf
126869,yourfacebooksurvey.com,230,244,239,#e6eff4
926211,cheapweddingdressesstore.com,243,249,247,#f3f7f9
542377,chargeoff.net,223,232,226,#dfe2e8
303722,gorss.de,238,237,239,#eeefed
20407,dfb.de,154,158,169,#9aa99e
112471,egy7.com,249,251,249,#f9f9fb
736266,gossip247.de,214,200,191,#d6bfc8
582047,fotoscowboy.com.br,194,157,181,#c2b59d
230193,2y20.com,229,178,203,#e5cbb2
120618,print-people.de,74,74,73,#4a494a
160326,keyword-position.de,236,224,230,#ece6e0
945249,musterprotokoll.de,229,230,230,#e5e6e6
464824,qualitybenchmark.com,229,222,224,#e5e0de
951962,tradestops.com,187,213,201,#bbc9d5
148792,accessiblebb.com,195,206,205,#c3cdce
389316,sex-lies-dating.com,231,225,226,#e7e2e1
233627,trafficfirestorm.com,236,181,201,#ecc9b5
693126,zheraf.blogspot.com,233,239,238,#e9eeef
992261,kinderzahn-berlin.de,236,188,223,#ecdfbc
256922,metalsetlists.com,178,177,181,#b2b5b1
553800,munch2050.com,32,11,12,#200c0b
553656,voovvoov.com,186,96,160,#baa060
691736,latu.org.uy,193,227,216,#c1d8e3
639872,surfmedia.nl,255,255,255,#ffffff
85991,sxn.us,27,116,72,#1b4874
911084,shcolor.info,231,236,233,#e7e9ec
679826,nma.lt,255,255,255,#ffffff
719795,freegis.org,220,185,220,#dcdcb9
151817,ninastube.com,120,41,82,#785229
845820,vipmovieworld.com,177,117,150,#b19675
968682,ass100.com,147,118,105,#936976
815384,lexisnexis.nl,221,216,218,#dddad8
348442,kisahku.info,250,250,249,#faf9fa
710669,enchantedgetaways.com,160,127,154,#a09a7f
538910,importking-24.com,236,231,233,#ece9e7
218912,widefitshoes.co.uk,218,208,215,#dad7d0
804526,wcymx.com,254,254,254,#fefefe
923292,epcott.co.jp,73,63,66,#49423f
160174,ventealapropriete.com,213,204,210,#d5d2cc
197060,hatrack.com,152,149,152,#989895
569441,jkuat.ac.ke,215,224,224,#d7e0e0
38196,latinmail.com,200,217,209,#c8d1d9
354107,ushades.com,197,202,202,#c5caca
668387,jtagbox.com,35,37,36,#232425
729940,taok78.com,251,251,251,#fbfbfb
119159,webservis.ru,226,228,227,#e2e3e4
364819,steadylinks.info,244,237,237,#f4eded
